seed,winner,end_reason,rounds,steps,survivors_0,survivors_1,damage_dealt,crits,catastrophics,explosions,out_of_action,heat_deaths
0,-1,annihilation,4,52,0,0,25,3,2,3,4,0
1,-1,round_limit,5,70,2,2,5,0,0,0,0,0
2,0,round_limit,5,64,2,1,9,2,2,0,1,1
3,1,round_limit,5,64,1,2,14,2,0,1,1,0
4,1,round_limit,5,70,1,2,14,2,1,0,1,0
5,0,round_limit,5,67,2,1,16,2,2,1,1,0
6,-1,round_limit,5,70,2,2,12,2,2,0,0,0
7,1,round_limit,5,61,1,2,8,2,0,1,1,0
8,-1,round_limit,5,70,2,2,12,0,0,0,0,0
9,0,annihilation,5,56,2,0,22,4,3,1,2,0
10,-1,round_limit,5,70,2,2,8,1,1,0,0,0
11,1,round_limit,5,67,1,2,11,1,1,0,1,0
12,-1,round_limit,5,70,2,2,14,2,2,0,0,0
13,1,annihilation,5,62,0,2,19,2,1,2,2,0
14,1,round_limit,5,70,1,2,17,4,3,0,1,0
15,1,round_limit,5,66,1,2,16,3,1,0,1,0
16,1,annihilation,3,34,0,2,22,2,1,2,2,0
17,-1,round_limit,5,70,2,2,6,1,1,0,0,0
18,1,round_limit,5,70,1,2,20,0,0,1,1,0
19,-1,round_limit,5,64,1,1,22,2,0,1,2,0
20,0,round_limit,5,64,2,1,17,1,1,1,1,0
21,-1,annihilation,5,69,0,0,28,5,1,3,4,0
22,1,round_limit,5,64,1,2,14,2,2,1,1,0
23,-1,round_limit,5,70,2,2,10,1,1,0,0,0
24,-1,round_limit,5,70,2,2,4,0,0,0,0,0
25,0,round_limit,5,61,2,1,11,3,1,0,1,0
26,1,annihilation,5,59,0,2,17,0,0,1,2,0
27,1,round_limit,5,61,1,2,14,1,1,1,1,0
28,-1,round_limit,5,70,2,2,10,1,0,0,0,0
29,1,round_limit,5,70,1,2,9,2,1,0,1,0
30,-1,round_limit,5,70,2,2,10,2,1,0,0,0
31,-1,round_limit,5,70,2,2,14,2,1,0,0,0
32,1,annihilation,5,56,0,1,19,3,2,2,3,0
33,1,annihilation,5,69,0,2,22,0,0,1,2,0
34,1,round_limit,5,63,1,2,13,1,1,1,1,0
35,1,round_limit,5,67,1,2,19,2,0,1,1,0
36,1,annihilation,5,53,0,1,24,3,1,2,3,0
37,-1,annihilation,5,59,0,0,26,2,0,2,4,0
38,1,round_limit,5,70,1,2,19,2,1,1,1,0
39,0,round_limit,5,64,2,1,13,1,1,1,1,0
40,-1,round_limit,5,70,2,2,11,1,1,0,0,0
41,1,round_limit,5,67,1,2,13,0,0,1,1,0
42,-1,annihilation,4,50,0,0,27,2,1,4,4,0
43,1,annihilation,4,55,0,1,22,2,2,3,3,0
44,-1,round_limit,5,70,2,2,7,0,0,0,0,0
45,-1,round_limit,5,70,2,2,6,1,0,0,0,0
46,-1,round_limit,5,70,2,2,13,3,1,0,0,0
47,0,annihilation,5,59,1,0,23,2,1,3,3,0
48,0,annihilation,5,61,2,0,21,1,1,1,2,0
49,0,round_limit,5,64,2,1,13,3,2,0,1,0
50,0,round_limit,5,67,2,1,11,0,0,0,1,0
51,-1,annihilation,5,66,0,0,26,2,1,4,4,0
52,-1,round_limit,5,70,2,2,8,0,0,0,0,0
53,-1,annihilation,5,60,0,0,25,4,2,3,4,0
54,1,round_limit,5,61,1,2,18,2,1,1,1,0
55,-1,round_limit,5,70,2,2,9,0,0,0,0,0
56,-1,round_limit,5,70,2,2,4,0,0,0,0,0
57,-1,round_limit,5,70,2,2,4,0,0,0,0,0
58,0,round_limit,5,64,2,1,10,4,2,0,1,0
59,-1,round_limit,5,70,2,2,9,0,0,0,0,0
60,-1,round_limit,5,64,1,1,14,3,2,1,2,0
61,0,round_limit,5,66,2,1,15,1,1,0,1,0
62,-1,round_limit,5,67,1,1,21,2,2,2,2,0
63,0,round_limit,5,69,2,1,11,1,1,0,1,0
64,-1,round_limit,5,70,2,2,8,2,1,0,0,0
65,0,round_limit,5,64,2,1,11,2,1,0,1,0
66,0,annihilation,5,68,2,0,18,0,0,1,2,0
67,1,round_limit,5,69,1,2,17,2,1,1,1,0
68,1,annihilation,2,26,0,2,24,4,1,2,2,0
69,0,round_limit,5,67,2,1,12,1,0,1,1,0
70,0,round_limit,5,70,2,1,16,2,2,1,1,0
71,1,round_limit,5,70,1,2,13,2,0,1,1,0
72,0,round_limit,5,69,2,1,11,0,0,0,1,0
73,-1,annihilation,4,43,0,0,28,4,2,4,4,0
74,-1,round_limit,5,70,2,2,14,1,0,0,0,0
75,0,annihilation,3,37,1,0,22,2,1,1,3,0
76,-1,round_limit,5,70,2,2,7,0,0,0,0,0
77,1,round_limit,5,64,1,2,11,2,1,0,1,0
78,-1,annihilation,5,53,0,0,30,3,2,4,4,0
79,1,round_limit,5,67,1,2,17,2,0,1,1,0
80,-1,round_limit,5,70,2,2,12,3,0,0,0,0
81,-1,round_limit,5,70,2,2,9,0,0,0,0,0
82,1,round_limit,5,58,1,2,6,1,1,0,1,0
83,-1,round_limit,5,70,2,2,9,0,0,0,0,0
84,0,annihilation,4,45,2,0,18,2,1,1,2,0
85,-1,round_limit,5,70,2,2,1,0,0,0,0,0
86,1,round_limit,5,67,1,2,10,2,1,0,1,0
87,0,annihilation,2,26,2,0,15,2,1,1,2,0
88,1,round_limit,5,69,1,2,16,0,0,1,1,0
89,-1,round_limit,5,64,1,1,17,3,2,1,2,0
90,0,annihilation,3,41,1,0,23,2,1,2,3,0
91,1,round_limit,5,58,1,2,9,3,1,1,1,0
92,-1,annihilation,5,59,0,0,26,1,1,3,4,0
93,0,annihilation,3,31,2,0,14,4,2,1,2,0
94,-1,round_limit,5,70,2,2,11,1,1,0,0,0
95,1,round_limit,5,67,1,2,12,2,0,0,1,0
96,1,round_limit,5,69,1,2,13,1,0,0,1,0
97,0,annihilation,5,54,2,0,16,3,3,0,2,0
98,-1,round_limit,5,70,2,2,7,0,0,0,0,0
99,1,round_limit,5,69,1,2,17,2,1,1,1,0
100,-1,round_limit,5,66,1,1,21,2,1,2,2,0
101,-1,round_limit,5,69,1,1,20,2,1,1,2,0
102,-1,annihilation,5,60,0,0,25,1,1,3,4,0
103,1,round_limit,5,67,1,2,15,1,1,0,1,0
104,1,round_limit,5,70,1,2,12,3,3,0,1,0
105,-1,round_limit,5,70,2,2,10,2,1,0,0,0
106,0,round_limit,5,64,2,1,15,2,0,1,1,0
107,0,round_limit,5,67,2,1,10,0,0,0,1,0
108,-1,round_limit,5,67,1,1,19,4,0,1,2,0
109,1,round_limit,5,70,1,2,14,3,3,1,1,0
110,1,round_limit,5,63,1,2,11,2,1,0,1,0
111,0,round_limit,5,66,2,1,10,2,1,0,1,0
112,0,round_limit,5,64,2,1,16,2,0,1,1,0
113,-1,round_limit,5,70,2,2,6,1,1,0,0,0
114,1,round_limit,5,69,1,2,13,1,1,0,1,0
115,-1,annihilation,5,53,0,0,25,1,0,4,4,1
116,0,round_limit,5,63,2,1,14,0,0,1,1,0
117,0,annihilation,5,56,1,0,20,2,2,1,3,0
118,1,round_limit,5,64,1,2,8,3,1,0,1,0
119,0,round_limit,5,58,2,1,10,2,1,0,1,0
120,1,round_limit,5,70,1,2,15,2,1,0,1,0
121,-1,round_limit,5,70,1,1,21,0,0,2,2,0
122,-1,round_limit,5,70,2,2,9,2,1,0,0,0
123,-1,round_limit,5,70,2,2,7,0,0,0,0,0
124,0,annihilation,5,56,2,0,16,2,1,1,2,0
125,-1,round_limit,5,70,2,2,14,2,2,0,0,0
126,-1,round_limit,5,70,2,2,6,1,1,0,0,0
127,1,annihilation,3,34,0,1,18,4,2,2,3,0
128,-1,round_limit,5,70,2,2,9,0,0,0,0,0
129,-1,round_limit,5,70,2,2,11,2,2,0,0,0
130,-1,round_limit,5,70,2,2,9,1,0,0,0,0
131,1,annihilation,5,53,0,2,17,3,2,1,2,0
132,0,round_limit,5,70,2,1,14,1,1,0,1,0
133,-1,round_limit,5,51,1,1,12,2,2,2,2,0
134,-1,annihilation,5,67,0,0,25,2,0,3,4,1
135,-1,round_limit,5,70,2,2,6,1,0,0,0,0
136,0,round_limit,5,58,2,1,12,1,1,1,1,0
137,1,round_limit,5,61,1,2,15,1,1,1,1,0
138,-1,round_limit,5,70,2,2,8,2,1,0,0,0
139,-1,round_limit,5,58,1,1,18,2,2,1,2,0
140,-1,round_limit,5,70,2,2,7,2,1,0,0,0
141,-1,round_limit,5,70,2,2,8,3,3,0,0,0
142,-1,round_limit,5,70,2,2,13,2,0,0,0,0
143,-1,annihilation,5,65,0,0,27,3,1,3,4,0
144,-1,round_limit,5,70,2,2,10,2,1,0,0,0
145,-1,round_limit,5,70,2,2,9,2,0,0,0,0
146,1,round_limit,5,67,1,2,16,2,0,0,1,0
147,-1,round_limit,5,70,2,2,8,1,1,0,0,0
148,1,annihilation,3,31,0,2,20,2,2,1,2,0
149,-1,round_limit,5,70,2,2,4,0,0,0,0,0
150,-1,round_limit,5,70,2,2,9,0,0,0,0,0
151,1,round_limit,5,70,1,2,17,1,1,1,1,0
152,1,annihilation,5,59,0,1,19,3,1,1,3,0
153,-1,round_limit,5,70,2,2,9,1,0,0,0,0
154,-1,round_limit,5,70,2,2,9,2,0,0,0,0
155,0,round_limit,5,67,2,1,17,1,1,1,1,0
156,-1,round_limit,5,70,2,2,0,0,0,0,0,0
157,-1,round_limit,5,70,2,2,10,2,0,0,0,0
158,-1,annihilation,5,70,0,0,28,4,1,3,4,1
159,1,annihilation,5,64,0,1,29,2,1,2,3,0
160,0,round_limit,5,64,2,1,13,6,2,0,1,0
161,-1,round_limit,5,58,1,1,10,1,1,2,2,1
162,-1,round_limit,5,70,1,1,19,2,1,1,2,0
163,-1,round_limit,5,70,2,2,9,1,0,0,0,0
164,1,annihilation,3,37,0,1,24,3,1,3,3,0
165,-1,annihilation,5,56,0,0,24,2,2,3,4,1
166,1,annihilation,4,53,0,2,19,2,0,1,2,0
167,-1,round_limit,5,70,2,2,8,1,0,0,0,0
168,-1,round_limit,5,70,2,2,9,2,1,0,0,0
169,-1,round_limit,5,70,2,2,6,2,1,0,0,0
170,-1,round_limit,5,70,2,2,8,1,0,0,0,0
171,0,annihilation,4,49,1,0,24,3,1,3,3,0
172,-1,round_limit,5,70,2,2,5,0,0,0,0,0
173,0,round_limit,5,61,2,1,16,2,0,1,1,0
174,-1,annihilation,5,57,0,0,27,3,2,3,4,0
175,1,annihilation,5,59,0,2,22,3,2,1,2,0
176,-1,annihilation,4,52,0,0,27,2,1,4,4,0
177,-1,round_limit,5,70,2,2,11,2,0,0,0,0
178,1,round_limit,5,63,1,2,17,1,1,1,1,0
179,1,round_limit,5,61,1,2,17,2,1,0,1,0
180,-1,round_limit,5,69,1,1,22,0,0,2,2,0
181,-1,round_limit,5,70,2,2,5,1,1,0,0,0
182,1,round_limit,5,61,1,2,10,2,0,0,1,0
183,0,round_limit,5,67,2,1,9,1,1,0,1,0
184,-1,annihilation,5,54,0,0,24,3,2,3,4,0
185,-1,round_limit,5,70,2,2,4,0,0,0,0,0
186,-1,round_limit,5,70,2,2,7,0,0,0,0,0
187,-1,round_limit,5,70,2,2,6,0,0,0,0,0
188,-1,round_limit,5,70,2,2,10,0,0,0,0,0
189,1,round_limit,5,64,1,2,16,2,1,1,1,0
190,0,annihilation,5,63,1,0,21,2,1,2,3,0
191,-1,round_limit,5,70,2,2,12,2,2,0,0,0
192,1,annihilation,5,60,0,1,23,3,1,2,3,0
193,1,annihilation,5,62,0,1,24,1,1,1,3,0
194,-1,annihilation,5,55,0,0,28,2,2,4,4,0
195,1,round_limit,5,70,1,2,13,1,1,0,1,0
196,0,annihilation,4,45,1,0,22,3,1,0,3,0
197,-1,annihilation,5,68,0,0,26,2,2,3,4,0
198,-1,round_limit,5,70,2,2,10,2,2,0,0,0
199,1,round_limit,5,58,1,2,10,1,1,0,1,0
200,0,annihilation,5,61,1,0,27,2,1,3,3,0
201,-1,round_limit,5,70,2,2,4,2,1,0,0,0
202,1,round_limit,5,66,1,2,10,2,2,0,1,0
203,0,round_limit,5,70,2,1,11,0,0,1,1,0
204,-1,annihilation,3,40,0,0,27,3,1,4,4,0
205,1,annihilation,5,56,0,1,24,3,2,2,3,0
206,-1,round_limit,5,70,2,2,5,0,0,0,0,0
207,-1,round_limit,5,70,2,2,7,1,0,0,0,0
208,1,annihilation,5,59,0,2,21,2,1,1,2,0
209,-1,round_limit,5,51,1,1,16,3,1,2,2,0
210,-1,round_limit,5,70,2,2,10,2,0,0,0,0
211,-1,round_limit,5,70,2,2,2,0,0,0,0,0
212,0,round_limit,5,61,2,1,13,4,1,0,1,0
213,0,annihilation,5,59,1,0,26,4,4,1,3,0
214,-1,round_limit,5,70,2,2,7,1,0,0,0,0
215,-1,round_limit,5,70,2,2,8,1,0,0,0,0
216,1,round_limit,5,61,1,2,13,1,1,1,1,0
217,-1,round_limit,5,64,1,1,7,1,1,0,2,1
218,1,annihilation,5,62,0,2,16,2,1,1,2,0
219,-1,round_limit,5,70,2,2,8,1,1,0,0,0
220,0,round_limit,5,67,2,1,17,0,0,1,1,0
221,-1,round_limit,5,70,1,1,20,2,0,2,2,0
222,-1,round_limit,5,70,2,2,8,0,0,0,0,0
223,-1,round_limit,5,61,1,1,8,2,1,1,2,0
224,0,round_limit,5,67,2,1,15,2,1,1,1,0
225,0,annihilation,5,58,2,0,22,1,0,2,2,0
226,-1,round_limit,5,70,2,2,10,0,0,0,0,0
227,1,annihilation,5,61,0,1,27,1,1,2,3,0
228,-1,annihilation,5,63,0,0,27,2,1,3,4,0
229,1,round_limit,5,70,1,2,20,1,0,1,1,0
230,-1,round_limit,5,70,2,2,10,1,1,0,0,0
231,-1,round_limit,5,70,2,2,13,2,1,0,0,0
232,0,round_limit,5,67,2,1,17,2,0,1,1,0
233,-1,round_limit,5,70,2,2,15,2,2,0,0,0
234,-1,annihilation,5,59,0,0,27,2,2,4,4,0
235,-1,round_limit,5,58,1,1,7,1,0,0,2,1
236,-1,round_limit,5,70,2,2,8,1,0,0,0,0
237,-1,round_limit,5,70,2,2,10,3,0,0,0,0
238,0,round_limit,5,64,2,1,11,2,0,0,1,0
239,-1,round_limit,5,59,1,1,17,1,0,2,2,0
240,-1,round_limit,5,70,2,2,9,0,0,0,0,0
241,0,round_limit,5,64,2,1,15,2,1,0,1,0
242,1,annihilation,5,59,0,2,20,3,1,1,2,0
243,-1,annihilation,5,70,0,0,25,3,3,3,4,1
244,-1,round_limit,5,70,2,2,10,1,0,0,0,0
245,-1,round_limit,5,70,2,2,12,2,0,0,0,0
246,0,round_limit,5,64,2,1,14,2,1,1,1,0
247,0,round_limit,5,70,2,1,11,2,2,0,1,0
248,-1,round_limit,5,70,2,2,8,2,1,0,0,0
249,-1,annihilation,5,56,0,0,27,2,0,3,4,1
250,-1,round_limit,5,69,1,1,20,2,1,2,2,0
251,1,round_limit,5,67,1,2,14,2,1,0,1,0
252,0,round_limit,5,70,2,1,21,2,1,1,1,0
253,-1,round_limit,5,55,1,1,19,2,0,2,2,0
254,-1,round_limit,5,70,2,2,8,1,1,0,0,0
255,-1,annihilation,4,54,0,0,25,2,2,4,4,0
256,-1,round_limit,5,70,2,2,8,1,1,0,0,0
257,-1,round_limit,5,69,1,1,16,4,2,1,2,0
258,1,round_limit,5,58,1,2,9,1,0,1,1,0
259,1,round_limit,5,67,1,2,16,2,2,1,1,0
260,-1,round_limit,5,70,2,2,5,0,0,0,0,0
261,1,round_limit,5,64,1,2,17,3,1,0,1,0
262,-1,round_limit,5,70,2,2,3,0,0,0,0,0
263,-1,round_limit,5,60,1,1,22,2,1,1,2,0
264,-1,round_limit,5,70,2,2,3,0,0,0,0,0
265,1,annihilation,5,69,0,2,23,2,2,2,2,0
266,-1,annihilation,3,35,0,0,29,2,1,4,4,0
267,-1,round_limit,5,70,2,2,8,1,0,0,0,0
268,1,annihilation,4,48,0,1,26,3,0,3,3,0
269,1,round_limit,5,67,1,2,12,1,1,1,1,0
270,1,round_limit,5,61,1,2,16,3,0,0,1,0
271,-1,round_limit,5,70,2,2,6,0,0,0,0,0
272,-1,round_limit,5,70,1,1,18,2,1,1,2,0
273,1,round_limit,5,64,1,2,17,2,1,1,1,0
274,0,round_limit,5,64,2,1,11,3,1,1,1,0
275,1,round_limit,5,70,1,2,14,3,2,0,1,0
276,-1,round_limit,5,70,2,2,5,0,0,0,0,0
277,1,round_limit,5,67,1,2,15,1,0,1,1,0
278,-1,round_limit,5,70,2,2,7,1,1,0,0,0
279,0,annihilation,5,66,2,0,16,3,2,0,2,0
280,1,annihilation,3,37,0,2,19,2,2,1,2,0
281,-1,round_limit,5,69,1,1,16,1,1,2,2,0
282,0,round_limit,5,67,2,1,9,2,1,0,1,0
283,-1,annihilation,4,48,0,0,26,1,1,3,4,0
284,1,annihilation,4,52,0,2,15,1,0,1,2,0
285,-1,round_limit,5,70,2,2,6,0,0,0,0,0
286,-1,round_limit,5,70,2,2,9,1,1,0,0,0
287,-1,annihilation,4,52,0,0,19,3,1,3,4,1
288,-1,round_limit,5,58,1,1,20,0,0,2,2,0
289,0,annihilation,4,48,1,0,21,2,2,1,3,0
290,0,round_limit,5,67,2,1,11,2,0,0,1,0
291,0,round_limit,5,67,2,1,14,0,0,1,1,0
292,-1,round_limit,5,70,2,2,8,1,0,0,0,0
293,-1,annihilation,4,45,0,0,26,2,1,3,4,0
294,-1,annihilation,4,48,0,0,27,3,1,4,4,0
295,1,annihilation,3,28,0,2,19,3,2,1,2,0
296,-1,round_limit,5,70,2,2,10,2,0,0,0,0
297,-1,round_limit,5,70,2,2,10,1,0,0,0,0
298,-1,round_limit,5,70,2,2,5,2,0,0,0,0
299,-1,annihilation,3,40,0,0,26,2,1,3,4,0
300,-1,annihilation,3,41,0,0,24,2,2,3,4,0
301,0,round_limit,5,58,2,1,16,2,0,1,1,0
302,-1,round_limit,5,70,2,2,11,1,0,0,0,0
303,-1,round_limit,5,70,2,2,12,1,0,0,0,0
304,0,round_limit,5,69,2,1,8,2,0,0,1,0
305,-1,round_limit,5,70,2,2,10,1,0,0,0,0
306,-1,round_limit,5,61,1,1,9,1,0,0,2,1
307,0,annihilation,4,48,1,0,23,4,3,3,3,0
308,-1,round_limit,5,61,1,1,20,3,2,0,2,0
309,-1,round_limit,5,55,1,1,15,3,2,1,2,1
310,0,round_limit,5,67,2,1,9,1,0,0,1,0
311,1,annihilation,3,37,0,1,24,4,2,2,3,0
312,0,round_limit,5,70,2,1,16,1,0,1,1,0
313,-1,round_limit,5,70,1,1,20,3,2,1,2,0
314,-1,round_limit,5,61,1,1,12,0,0,0,2,1
315,1,round_limit,5,67,1,2,14,2,1,1,1,0
316,-1,round_limit,5,70,2,2,10,2,1,0,0,0
317,-1,round_limit,5,70,2,2,6,1,0,0,0,0
318,-1,round_limit,5,70,2,2,10,0,0,0,0,0
319,0,annihilation,5,56,1,0,19,4,2,2,3,1
320,1,annihilation,5,59,0,1,24,3,2,3,3,0
321,1,round_limit,5,67,1,2,14,3,0,1,1,0
322,0,round_limit,5,67,2,1,14,2,1,1,1,0
323,-1,round_limit,5,70,2,2,11,0,0,0,0,0
324,0,round_limit,5,70,2,1,18,2,1,1,1,0
325,1,round_limit,5,67,1,2,17,3,2,1,1,0
326,1,annihilation,5,63,0,1,23,4,1,2,3,0
327,1,annihilation,5,66,0,1,26,1,1,3,3,0
328,-1,round_limit,5,61,1,1,23,2,2,2,2,0
329,-1,annihilation,4,49,0,0,21,2,2,2,4,1
330,-1,annihilation,3,40,0,0,26,2,1,2,4,0
331,1,annihilation,4,54,0,1,24,2,1,2,3,0
332,0,round_limit,5,66,2,1,11,2,1,0,1,0
333,-1,annihilation,5,59,0,0,28,4,0,3,4,0
334,1,annihilation,5,65,0,1,25,1,1,2,3,0
335,1,round_limit,5,69,1,2,17,2,0,1,1,0
336,-1,round_limit,5,70,1,1,21,4,1,2,2,0
337,1,round_limit,5,70,1,2,12,1,1,1,1,0
338,0,round_limit,5,67,2,1,15,4,0,0,1,0
339,0,round_limit,5,70,2,1,13,1,1,0,1,0
340,-1,annihilation,5,66,0,0,22,2,0,3,4,1
341,1,round_limit,5,61,1,2,6,1,1,0,1,0
342,0,round_limit,5,70,2,1,12,2,1,0,1,0
343,0,round_limit,5,64,2,1,10,1,1,0,1,0
344,-1,round_limit,5,64,1,1,19,2,1,1,2,0
345,0,round_limit,5,67,2,1,17,4,1,0,1,0
346,0,round_limit,5,64,2,1,18,2,2,1,1,0
347,-1,round_limit,5,70,2,2,13,1,1,0,0,0
348,-1,annihilation,4,39,0,0,27,2,0,4,4,1
349,-1,round_limit,5,61,1,1,15,2,1,1,2,0
350,0,annihilation,5,51,2,0,23,2,1,2,2,0
351,0,round_limit,5,64,2,1,10,1,1,1,1,0
352,1,round_limit,5,58,1,2,14,1,1,1,1,0
353,0,round_limit,5,58,2,1,7,2,1,1,1,0
354,0,annihilation,5,62,2,0,21,1,0,1,2,0
355,0,annihilation,5,55,2,0,19,0,0,2,2,0
356,1,round_limit,5,70,1,2,16,2,0,1,1,0
357,-1,annihilation,3,36,0,0,25,2,1,3,4,0
358,-1,round_limit,5,70,2,2,4,0,0,0,0,0
359,0,annihilation,5,60,1,0,25,3,1,2,3,0
360,-1,round_limit,5,64,1,1,19,3,1,1,2,0
361,-1,annihilation,5,69,0,0,28,2,0,3,4,0
362,-1,annihilation,5,57,0,0,26,1,1,4,4,0
363,1,round_limit,5,70,1,2,14,2,1,1,1,0
364,1,annihilation,5,59,0,2,18,4,2,1,2,0
365,1,round_limit,5,67,1,2,8,0,0,1,1,0
366,1,round_limit,5,67,1,2,12,1,1,1,1,0
367,-1,round_limit,5,70,2,2,6,1,0,0,0,0
368,0,round_limit,5,67,2,1,14,2,1,1,1,0
369,-1,round_limit,5,70,2,2,6,1,0,0,0,0
370,-1,round_limit,5,52,1,1,16,5,0,0,2,0
371,-1,round_limit,5,60,1,1,17,0,0,1,2,0
372,-1,annihilation,4,42,0,0,24,1,1,4,4,1
373,1,round_limit,5,67,1,2,13,1,1,0,1,0
374,-1,round_limit,5,70,2,2,4,0,0,0,0,0
375,-1,round_limit,5,70,2,2,5,1,0,0,0,0
376,0,round_limit,5,67,2,1,17,1,1,1,1,0
377,-1,round_limit,5,70,2,2,3,0,0,0,0,0
378,0,annihilation,4,51,1,0,23,3,2,2,3,0
379,-1,round_limit,5,70,2,2,6,1,1,0,0,0
380,-1,round_limit,5,70,2,2,9,2,0,0,0,0
381,1,round_limit,5,69,1,2,16,1,1,0,1,0
382,-1,round_limit,5,66,1,1,19,1,1,1,2,0
383,-1,round_limit,5,61,1,1,12,2,2,1,2,0
384,1,annihilation,5,56,0,2,18,2,2,1,2,0
385,0,round_limit,5,67,2,1,17,3,0,1,1,0
386,-1,round_limit,5,70,2,2,9,1,0,0,0,0
387,-1,round_limit,5,70,2,2,5,0,0,0,0,0
388,1,round_limit,5,58,1,2,3,1,1,1,1,0
389,-1,round_limit,5,70,2,2,12,1,1,0,0,0
390,-1,round_limit,5,70,2,2,6,0,0,0,0,0
391,0,annihilation,5,53,2,0,22,3,3,2,2,0
392,-1,round_limit,5,70,2,2,9,1,1,0,0,0
393,-1,annihilation,5,60,0,0,18,3,3,3,4,0
394,-1,round_limit,5,70,2,2,10,1,0,0,0,0
395,-1,round_limit,5,70,2,2,5,1,0,0,0,0
396,-1,round_limit,5,61,1,1,17,2,0,1,2,1
397,1,round_limit,5,67,1,2,9,2,0,0,1,0
398,0,annihilation,3,35,1,0,27,3,3,3,3,0
399,-1,annihilation,4,48,0,0,28,2,2,4,4,0
400,-1,round_limit,5,70,2,2,6,0,0,0,0,0
401,1,round_limit,5,61,1,2,8,2,1,0,1,0
402,-1,round_limit,5,70,2,2,11,0,0,0,0,0
403,1,annihilation,4,45,0,2,23,4,3,2,2,0
404,-1,round_limit,5,61,1,1,17,2,1,1,2,1
405,-1,annihilation,4,45,0,0,28,3,0,3,4,0
406,0,round_limit,5,67,2,1,11,1,0,1,1,0
407,1,round_limit,5,61,1,2,15,3,3,0,1,0
408,1,round_limit,5,58,1,2,18,3,1,1,1,0
409,1,annihilation,3,34,0,1,21,2,2,2,3,0
410,-1,annihilation,4,54,0,0,26,2,1,4,4,0
411,1,annihilation,5,62,0,2,22,2,0,1,2,0
412,-1,round_limit,5,70,2,2,4,0,0,0,0,0
413,1,annihilation,3,34,0,2,17,2,1,2,2,0
414,-1,round_limit,5,69,1,1,15,3,2,1,2,0
415,0,annihilation,4,42,1,0,22,1,1,2,3,1
416,0,round_limit,5,70,2,1,15,1,0,0,1,1
417,0,round_limit,5,70,2,1,17,2,1,1,1,0
418,-1,round_limit,5,70,2,2,8,2,0,0,0,0
419,-1,round_limit,5,60,1,1,20,2,2,1,2,0
420,0,round_limit,5,67,2,1,13,1,1,0,1,0
421,0,annihilation,4,45,2,0,19,2,2,1,2,0
422,0,annihilation,4,52,1,0,24,1,0,2,3,0
423,-1,round_limit,5,70,2,2,6,0,0,0,0,0
424,-1,round_limit,5,70,2,2,3,0,0,0,0,0
425,1,annihilation,5,68,0,1,24,2,1,2,3,0
426,-1,round_limit,5,70,2,2,9,1,1,0,0,0
427,-1,annihilation,5,59,0,0,27,2,1,3,4,0
428,-1,annihilation,5,59,0,0,27,2,1,4,4,0
429,-1,round_limit,5,70,2,2,9,1,0,0,0,0
430,-1,annihilation,5,62,0,0,27,1,0,3,4,0
431,-1,round_limit,5,70,1,1,19,1,1,1,2,0
432,-1,round_limit,5,70,2,2,8,2,0,0,0,0
433,1,round_limit,5,64,1,2,19,0,0,1,1,0
434,-1,round_limit,5,70,2,2,2,1,0,0,0,0
435,-1,round_limit,5,70,2,2,8,0,0,0,0,0
436,-1,round_limit,5,52,1,1,19,2,2,1,2,0
437,-1,annihilation,5,63,0,0,18,1,1,2,4,0
438,-1,round_limit,5,70,2,2,13,0,0,0,0,0
439,-1,annihilation,5,59,0,0,29,3,3,3,4,0
440,-1,round_limit,5,60,1,1,21,2,1,1,2,0
441,-1,round_limit,5,70,2,2,8,1,0,0,0,0
442,0,annihilation,5,66,1,0,26,2,0,3,3,0
443,-1,round_limit,5,70,2,2,7,0,0,0,0,0
444,1,annihilation,5,63,0,2,19,3,3,1,2,0
445,0,round_limit,5,66,2,1,10,0,0,0,1,0
446,1,annihilation,4,49,0,2,22,1,0,2,2,0
447,1,annihilation,5,59,0,2,19,4,3,2,2,0
448,1,annihilation,4,52,0,1,24,0,0,3,3,0
449,1,round_limit,5,64,1,2,9,1,1,0,1,0
450,-1,annihilation,5,59,0,0,28,1,0,2,4,0
451,0,round_limit,5,61,2,1,13,2,1,0,1,0
452,-1,round_limit,5,70,2,2,6,2,0,0,0,0
453,1,annihilation,5,65,0,1,23,5,2,1,3,0
454,0,annihilation,5,65,2,0,22,2,2,2,2,0
455,0,round_limit,5,67,2,1,16,2,1,1,1,0
456,1,annihilation,5,68,0,1,23,0,0,2,3,0
457,-1,annihilation,5,65,0,0,28,1,0,4,4,0
458,-1,round_limit,5,70,2,2,10,0,0,0,0,0
459,0,annihilation,5,63,1,0,26,2,2,2,3,0
460,0,annihilation,4,55,2,0,19,2,2,1,2,0
461,1,round_limit,5,58,1,2,9,1,1,0,1,0
462,0,round_limit,5,63,2,1,16,2,1,1,1,0
463,0,round_limit,5,64,2,1,16,2,1,1,1,0
464,-1,annihilation,4,48,0,0,25,2,1,3,4,0
465,-1,round_limit,5,58,1,1,14,2,1,1,2,0
466,0,annihilation,5,57,1,0,26,4,1,1,3,0
467,0,round_limit,5,70,2,1,17,1,0,1,1,0
468,0,annihilation,4,51,1,0,27,3,3,2,3,0
469,-1,round_limit,5,70,2,2,9,0,0,0,0,0
470,1,round_limit,5,70,1,2,14,1,1,1,1,0
471,-1,round_limit,5,70,2,2,6,1,0,0,0,0
472,-1,round_limit,5,70,2,2,6,0,0,0,0,0
473,-1,annihilation,4,51,0,0,26,3,0,2,4,0
474,0,annihilation,5,60,1,0,26,3,0,2,3,0
475,0,round_limit,5,67,2,1,14,1,0,1,1,0
476,1,round_limit,5,58,1,2,14,3,3,1,1,0
477,-1,round_limit,5,70,2,2,11,2,2,0,0,0
478,-1,round_limit,5,70,2,2,11,3,2,0,0,0
479,-1,round_limit,5,70,2,2,12,2,0,0,0,0
480,1,annihilation,5,60,0,1,23,1,0,2,3,0
481,-1,round_limit,5,70,2,2,4,0,0,0,0,0
482,-1,round_limit,5,70,2,2,8,3,0,0,0,0
483,-1,round_limit,5,70,2,2,13,2,1,0,0,0
484,1,annihilation,5,68,0,2,20,4,2,2,2,0
485,1,annihilation,5,56,0,2,17,3,1,1,2,0
486,-1,annihilation,4,40,0,0,27,2,1,4,4,0
487,-1,annihilation,3,34,0,0,26,3,1,4,4,0
488,-1,annihilation,5,66,0,0,27,2,1,4,4,0
489,0,round_limit,5,70,2,1,19,3,2,1,1,0
490,-1,round_limit,5,70,1,1,21,1,1,2,2,0
491,-1,round_limit,5,70,2,2,6,0,0,0,0,0
492,0,round_limit,5,61,2,1,8,2,1,0,1,0
493,1,round_limit,5,61,1,2,15,1,0,1,1,0
494,1,round_limit,5,63,1,2,12,2,2,0,1,0
495,0,annihilation,5,62,1,0,21,2,1,2,3,0
496,-1,round_limit,5,69,1,1,17,2,2,1,2,0
497,0,round_limit,5,67,2,1,9,2,2,1,1,0
498,1,annihilation,4,43,0,1,24,2,1,2,3,0
499,0,round_limit,5,67,2,1,12,2,1,0,1,0
